<?xml version="1.0" encoding="UTF-8"?>
<!DOCTYPE  mapper PUBLIC "-//mybatis.org//DTD Mapper 3.0//EN" "http://mybatis.org/dtd/mybatis-3-mapper.dtd">
<mapper namespace="contents.crud">

<insert id="insert_" parameterType="hashMap" useGeneratedKeys="true">
	<![CDATA[
		insert into #{tableName} values (#{values});	
	]]>
</insert>

<delete id="delete_" parameterType="hashMap">
	<![CDATA[
		delete from #{tableName} where 1=1;	
	]]>
</delete>


<update id="update_" parameterType="hashMap">
	<![CDATA[
		update #{tableName} set #{columnName} where 1=1;
	]]>
</update>

<select id="select_" parameterType="hashMap">
	<![CDATA[
		select * from #{tableName} where 1=1; 
	]]>
</select>

</mapper>