<?xml version="1.0" encoding="UTF-8"?>
<!DOCTYPE  mapper PUBLIC "-//mybatis.org//DTD Mapper 3.0//EN" "http://mybatis.org/dtd/mybatis-3-mapper.dtd">
<mapper namespace="contents.faq">

<select id="faqlist" parameterType="hashMap" resultType="hashMap">
	<![CDATA[
		select faq_number,faq_title,faq_date from faq 
	]]>	
	<choose>
		<when test="skipCount == null">
			LIMIT 0,3;
		</when>
		<when test="skipCount != null">
			LIMIT #{skipCount},3;
		</when>
	</choose>
</select>

<select id = "countfaq" parameterType="hashMap" resultType="int">
	<![CDATA[
		select count(*) from faq;
	]]>

</select>

<select id="faqselectone" parameterType="hashMap" resultType="hashMap">
	<![CDATA[
		select * from faq where faq_number = #{faq_number};
	]]>
</select>

<insert id="insertfaq" parameterType="hashMap" useGeneratedKeys="true" keyProperty="faq_number">
	<![CDATA[
		insert into faq(faq_title,faq_contents,identy) values (#{faq_title},#{faq_contents},#{identy});	
	]]>
</insert>

<delete id="deletefaq" parameterType="hashMap">
	<![CDATA[
		delete from faq where faq_number = #{faq_number};	
	]]>
</delete>

<update id="updatefaq" parameterType="hashMap">
	<![CDATA[
		update faq set faq_title=#{faq_title}, faq_contents=#{faq_contents} where faq_number=#{faq_number};
	]]>
</update>

</mapper>