<?xml version="1.0" encoding="UTF-8"?>
<!DOCTYPE  mapper PUBLIC "-//mybatis.org//DTD Mapper 3.0//EN" "http://mybatis.org/dtd/mybatis-3-mapper.dtd">
<mapper namespace="contents.shop">


<delete id="delete" parameterType="hashMap">
	delete from product_info where prod_code=#{prod_code};
</delete>

<select id="count" parameterType="hashMap" resultType="int">
	<![CDATA[
		select count(*) from product_info
		where 1=1 
	]]>
	<if test="keyword != null and keyword!=''">
		and prod_name like CONCAT('%',#{keyword},'%') 
	</if>
</select>

<select id="select_list" parameterType="hashMap" resultType="hashMap">
	<![CDATA[
		select * from product_info
		where 1 = 1 
	]]>
	<if test="keyword != null and keyword!=''">
		and prod_name like CONCAT('%',#{keyword},'%')
	</if>
</select>

<select id="select_details" parameterType="hashMap" resultType="hashMap">
	<![CDATA[
		select * from product_info
		where prod_code=#{prod_code} 
	]]>
</select>

<select id="cart_list" parameterType="hashMap" resultType="hashMap">
	<![CDATA[
		select * from cartview where user_id = #{user_id};
	]]>
</select>

<insert id="insertcart" parameterType="hashMap" useGeneratedKeys="true" keyProperty="cart_num">
	<![CDATA[
		insert into cart(user_id, prod_code, qty, each_price) values (#{user_id},#{prod_code},#{qty},#{each_price});	
	]]>
</insert>


<delete id="removecart" parameterType="hashMap">
	<![CDATA[
		delete from cart where cart_num = #{cart_num};	
	]]>
</delete>

<select id="order_list" resultType="hashMap">
	<![CDATA[
		select * from cartview where cart_num in 
	]]>	
	<foreach collection="cartt" item="arr" open="(" close=")" separator=",">
    	#{arr}
    </foreach>
</select>

<insert id="ordernow" parameterType="hashMap" useGeneratedKeys="true" keyProperty="order_num">
	<![CDATA[
		insert into orders(product_name, product_price, delivery_speed, delivery_location, payment_method, user_id, amount, delivery_speed_fee, payment_method_discount) values 
		(#{prod_name},#{each_price},#{delivery},#{delivery_location},#{payment_method},#{user_id},#{qty},#{delivery_speed_fee},#{payment_method_discount})
	]]>
</insert>

</mapper>